{"0": {"tag": 1.0, "latitude": 13.035, "longitude": 77.685}, "1": {"tag": 0.0, "latitude": 12.9, "longitude": 77.565}, "2": {"tag": 1.0, "latitude": 12.9, "longitude": 77.55}, "3": {"tag": 0.0, "latitude": 12.9, "longitude": 77.565}, "4": {"tag": 2.0, "latitude": 12.9, "longitude": 77.58}, "5": {"tag": 0.0, "latitude": 12.9, "longitude": 77.595}, "6": {"tag": 2.0, "latitude": 12.9, "longitude": 77.61}, "7": {"tag": 1.0, "latitude": 12.9, "longitude": 77.625}, "8": {"tag": 2.0, "latitude": 12.9, "longitude": 77.64}, "9": {"tag": 2.0, "latitude": 12.9, "longitude": 77.655}, "10": {"tag": 2.0, "latitude": 12.9, "longitude": 77.67}, "11": {"tag": 0.0, "latitude": 12.9, "longitude": 77.685}, "12": {"tag": 0.0, "latitude": 12.915000000000001, "longitude": 77.55}, "13": {"tag": 1.0, "latitude": 12.915000000000001, "longitude": 77.565}, "14": {"tag": 1.0, "latitude": 12.915000000000001, "longitude": 77.58}, "15": {"tag": 1.0, "latitude": 12.915000000000001, "longitude": 77.595}, "16": {"tag": 1.0, "latitude": 12.915000000000001, "longitude": 77.61}, "17": {"tag": 1.0, "latitude": 12.915000000000001, "longitude": 77.625}, "18": {"tag": 2.0, "latitude": 12.915000000000001, "longitude": 77.64}, "19": {"tag": 1.0, "latitude": 12.915000000000001, "longitude": 77.655}, "20": {"tag": 0.0, "latitude": 12.915000000000001, "longitude": 77.67}, "21": {"tag": 0.0, "latitude": 12.915000000000001, "longitude": 77.685}, "22": {"tag": 2.0, "latitude": 12.93, "longitude": 77.55}, "23": {"tag": 0.0, "latitude": 12.93, "longitude": 77.565}, "24": {"tag": 2.0, "latitude": 12.93, "longitude": 77.58}, "25": {"tag": 1.0, "latitude": 12.93, "longitude": 77.595}, "26": {"tag": 1.0, "latitude": 12.93, "longitude": 77.61}, "27": {"tag": 0.0, "latitude": 12.93, "longitude": 77.625}, "28": {"tag": 2.0, "latitude": 12.93, "longitude": 77.64}, "29": {"tag": 0.0, "latitude": 12.93, "longitude": 77.655}, "30": {"tag": 2.0, "latitude": 12.93, "longitude": 77.67}, "31": {"tag": 0.0, "latitude": 12.93, "longitude": 77.685}, "32": {"tag": 1.0, "latitude": 12.945, "longitude": 77.55}, "33": {"tag": 1.0, "latitude": 12.945, "longitude": 77.565}, "34": {"tag": 0.0, "latitude": 12.945, "longitude": 77.58}, "35": {"tag": 0.0, "latitude": 12.945, "longitude": 77.595}, "36": {"tag": 1.0, "latitude": 12.945, "longitude": 77.61}, "37": {"tag": 1.0, "latitude": 12.945, "longitude": 77.625}, "38": {"tag": 0.0, "latitude": 12.945, "longitude": 77.64}, "39": {"tag": 2.0, "latitude": 12.945, "longitude": 77.655}, "40": {"tag": 2.0, "latitude": 12.945, "longitude": 77.67}, "41": {"tag": 0.0, "latitude": 12.945, "longitude": 77.685}, "42": {"tag": 2.0, "latitude": 12.96, "longitude": 77.55}, "43": {"tag": 2.0, "latitude": 12.96, "longitude": 77.565}, "44": {"tag": 0.0, "latitude": 12.96, "longitude": 77.58}, "45": {"tag": 2.0, "latitude": 12.96, "longitude": 77.595}, "46": {"tag": 1.0, "latitude": 12.96, "longitude": 77.61}, "47": {"tag": 0.0, "latitude": 12.96, "longitude": 77.625}, "48": {"tag": 2.0, "latitude": 12.96, "longitude": 77.64}, "49": {"tag": 2.0, "latitude": 12.96, "longitude": 77.655}, "50": {"tag": 0.0, "latitude": 12.96, "longitude": 77.67}, "51": {"tag": 1.0, "latitude": 12.96, "longitude": 77.685}, "52": {"tag": 2.0, "latitude": 12.975000000000001, "longitude": 77.55}, "53": {"tag": 2.0, "latitude": 12.975000000000001, "longitude": 77.565}, "54": {"tag": 0.0, "latitude": 12.975000000000001, "longitude": 77.58}, "55": {"tag": 0.0, "latitude": 12.975000000000001, "longitude": 77.595}, "56": {"tag": 2.0, "latitude": 12.975000000000001, "longitude": 77.61}, "57": {"tag": 1.0, "latitude": 12.975000000000001, "longitude": 77.625}, "58": {"tag": 0.0, "latitude": 12.975000000000001, "longitude": 77.64}, "59": {"tag": 0.0, "latitude": 12.975000000000001, "longitude": 77.655}, "60": {"tag": 0.0, "latitude": 12.975000000000001, "longitude": 77.67}, "61": {"tag": 2.0, "latitude": 12.975000000000001, "longitude": 77.685}, "62": {"tag": 1.0, "latitude": 12.99, "longitude": 77.55}, "63": {"tag": 0.0, "latitude": 12.99, "longitude": 77.565}, "64": {"tag": 0.0, "latitude": 12.99, "longitude": 77.58}, "65": {"tag": 1.0, "latitude": 12.99, "longitude": 77.595}, "66": {"tag": 0.0, "latitude": 12.99, "longitude": 77.61}, "67": {"tag": 0.0, "latitude": 12.99, "longitude": 77.625}, "68": {"tag": 0.0, "latitude": 12.99, "longitude": 77.64}, "69": {"tag": 2.0, "latitude": 12.99, "longitude": 77.655}, "70": {"tag": 0.0, "latitude": 12.99, "longitude": 77.67}, "71": {"tag": 2.0, "latitude": 12.99, "longitude": 77.685}, "72": {"tag": 0.0, "latitude": 13.005, "longitude": 77.55}, "73": {"tag": 2.0, "latitude": 13.005, "longitude": 77.565}, "74": {"tag": 0.0, "latitude": 13.005, "longitude": 77.58}, "75": {"tag": 1.0, "latitude": 13.005, "longitude": 77.595}, "76": {"tag": 2.0, "latitude": 13.005, "longitude": 77.61}, "77": {"tag": 0.0, "latitude": 13.005, "longitude": 77.625}, "78": {"tag": 2.0, "latitude": 13.005, "longitude": 77.64}, "79": {"tag": 1.0, "latitude": 13.005, "longitude": 77.655}, "80": {"tag": 2.0, "latitude": 13.005, "longitude": 77.67}, "81": {"tag": 2.0, "latitude": 13.005, "longitude": 77.685}, "82": {"tag": 2.0, "latitude": 13.020000000000001, "longitude": 77.55}, "83": {"tag": 0.0, "latitude": 13.020000000000001, "longitude": 77.565}, "84": {"tag": 1.0, "latitude": 13.020000000000001, "longitude": 77.58}, "85": {"tag": 0.0, "latitude": 13.020000000000001, "longitude": 77.595}, "86": {"tag": 0.0, "latitude": 13.020000000000001, "longitude": 77.61}, "87": {"tag": 1.0, "latitude": 13.020000000000001, "longitude": 77.625}, "88": {"tag": 0.0, "latitude": 13.020000000000001, "longitude": 77.64}, "89": {"tag": 2.0, "latitude": 13.020000000000001, "longitude": 77.655}, "90": {"tag": 1.0, "latitude": 13.020000000000001, "longitude": 77.67}, "91": {"tag": 2.0, "latitude": 13.020000000000001, "longitude": 77.685}, "92": {"tag": 1.0, "latitude": 13.035, "longitude": 77.55}, "93": {"tag": 1.0, "latitude": 13.035, "longitude": 77.565}, "94": {"tag": 0.0, "latitude": 13.035, "longitude": 77.58}, "95": {"tag": 2.0, "latitude": 13.035, "longitude": 77.595}, "96": {"tag": 1.0, "latitude": 13.035, "longitude": 77.61}, "97": {"tag": 0.0, "latitude": 13.035, "longitude": 77.625}, "98": {"tag": 0.0, "latitude": 13.035, "longitude": 77.64}, "99": {"tag": 2.0, "latitude": 13.035, "longitude": 77.655}, "100": {"tag": 1.0, "latitude": 13.035, "longitude": 77.67}, "101": {"tag": 2.0, "latitude": 13.035, "longitude": 77.685}}